<?xml version="1.0" encoding="UTF-8"?>
<GenRun Id="synth_1" LaunchPart="xc7k325tffg900-2" LaunchTime="1713705606">
  <File Type="PA-TCL" Name="seq_det.tcl"/>
  <File Type="RDS-PROPCONSTRS" Name="seq_det_drc_synth.rpt"/>
  <File Type="REPORTS-TCL" Name="seq_det_reports.tcl"/>
  <File Type="RDS-RDS" Name="seq_det.vds"/>
  <File Type="RDS-UTIL" Name="seq_det_utilization_synth.rpt"/>
  <File Type="RDS-UTIL-PB" Name="seq_det_utilization_synth.pb"/>
  <File Type="RDS-DCP" Name="seq_det.dcp"/>
  <File Type="VDS-TIMINGSUMMARY" Name="seq_det_timing_summary_synth.rpt"/>
  <File Type="VDS-TIMING-PB" Name="seq_det_timing_summary_synth.pb"/>
  <FileSet Name="sources" Type="DesignSrcs" RelSrcDir="$PSRCDIR/sources_1" RelGenDir="$PGENDIR/sources_1">
    <Filter Type="Srcs"/>
    <File Path="$PPRDIR/usrscr/01_rtl/seq_det.v">
      <FileInfo>
        <Attr Name="UsedIn" Val="synthesis"/>
        <Attr Name="UsedIn" Val="implementation"/>
        <Attr Name="UsedIn" Val="simulation"/>
      </FileInfo>
    </File>
    <Config>
      <Option Name="DesignMode" Val="RTL"/>
      <Option Name="TopModule" Val="seq_det"/>
      <Option Name="TopAutoSet" Val="TRUE"/>
    </Config>
  </FileSet>
  <FileSet Name="constrs_in" Type="Constrs" RelSrcDir="$PSRCDIR/constrs_1">
    <Filter Type="Constrs"/>
    <Config>
      <Option Name="ConstrsType" Val="XDC"/>
    </Config>
  </FileSet>
  <FileSet Name="utils" Type="Utils" RelSrcDir="$PSRCDIR/utils_1">
    <Filter Type="Utils"/>
    <Config>
      <Option Name="TopAutoSet" Val="TRUE"/>
    </Config>
  </FileSet>
  <Strategy Version="1" Minor="2">
    <StratHandle Name="Vivado Synthesis Defaults" Flow="Vivado Synthesis 2021"/>
    <Step Id="synth_design"/>
  </Strategy>
</GenRun>
