<?xml version="1.0" encoding="UTF-8"?>
<GenRun Id="synth_1" LaunchPart="xc7k325tffg900-2" LaunchTime="1713435054">
  <File Type="PA-TCL" Name="bit_4_cnt_10.tcl"/>
  <File Type="RDS-PROPCONSTRS" Name="bit_4_cnt_10_drc_synth.rpt"/>
  <File Type="REPORTS-TCL" Name="bit_4_cnt_10_reports.tcl"/>
  <File Type="RDS-RDS" Name="bit_4_cnt_10.vds"/>
  <File Type="RDS-UTIL" Name="bit_4_cnt_10_utilization_synth.rpt"/>
  <File Type="RDS-UTIL-PB" Name="bit_4_cnt_10_utilization_synth.pb"/>
  <File Type="RDS-DCP" Name="bit_4_cnt_10.dcp"/>
  <File Type="VDS-TIMINGSUMMARY" Name="bit_4_cnt_10_timing_summary_synth.rpt"/>
  <File Type="VDS-TIMING-PB" Name="bit_4_cnt_10_timing_summary_synth.pb"/>
  <FileSet Name="sources" Type="DesignSrcs" RelSrcDir="$PSRCDIR/sources_1" RelGenDir="$PGENDIR/sources_1">
    <Filter Type="Srcs"/>
    <File Path="$PPRDIR/usrscr/01_rtl/4bit_cnt.v">
      <FileInfo>
        <Attr Name="UsedIn" Val="synthesis"/>
        <Attr Name="UsedIn" Val="implementation"/>
        <Attr Name="UsedIn" Val="simulation"/>
      </FileInfo>
    </File>
    <Config>
      <Option Name="DesignMode" Val="RTL"/>
      <Option Name="TopModule" Val="bit_4_cnt_10"/>
      <Option Name="TopAutoSet" Val="TRUE"/>
    </Config>
  </FileSet>
  <FileSet Name="constrs_in" Type="Constrs" RelSrcDir="$PSRCDIR/constrs_1">
    <Filter Type="Constrs"/>
    <Config>
      <Option Name="ConstrsType" Val="XDC"/>
    </Config>
  </FileSet>
  <FileSet Name="utils" Type="Utils" RelSrcDir="$PSRCDIR/utils_1">
    <Filter Type="Utils"/>
    <Config>
      <Option Name="TopAutoSet" Val="TRUE"/>
    </Config>
  </FileSet>
  <Strategy Version="1" Minor="2">
    <StratHandle Name="Vivado Synthesis Defaults" Flow="Vivado Synthesis 2021">
      <Desc>Vivado Synthesis Defaults</Desc>
    </StratHandle>
    <Step Id="synth_design"/>
  </Strategy>
</GenRun>
